京客隆永安路店,西城区仁寿路5号,63038176,8:00-21:00
京客隆里仁街店,西城区里仁街3-2号,83511278,8:00-21:00
京客隆甜水园店,朝阳区甜水园北里16号楼,65860070,8:00-22:00
京客隆华安店,北京市朝阳区安华西里一区十二号,64252414,8:00-21:00
京客隆管庄店,朝阳区东苇路管庄村配送中心管庄库,65715170,8:00-22:00
京客隆京源店,北京市朝阳区左家庄三源里街24楼,64617025,8:00-22:00
京客隆首都机场店,朝阳区首都机场南路1号,64578089,8:00-22:00
京客隆垡头店,朝阳区垡头西里11号,67383348,8:00-21:00
京客隆劲松店,朝阳区劲松中街401楼,67784240,8:00-22:00
京客隆劲松商城,东三环南路58号院,58673707,8:00-22:00
京客隆红松园店,北京市朝阳区红松园北里16号,65494985,8:00-21:30
京客隆三里屯店,北京朝阳区三里屯北路南27楼,64165651,8:00-22:30
京客隆松榆里店,朝阳区松榆里28号楼,67313492,8:00-21:30
京客隆酒仙桥店,酒仙桥路39号地下一层,64356776,8:00-21:30
京客隆团结湖店,朝阳区团结湖路8号楼,85975703,8:00-22:00
京客隆中关村东路店,中关村东路109号,82111712,8:00-21:00
京客隆万柳店,海淀区万柳中路29号院地下一层,51605818,8:00-21:00
京客隆田村店,海淀区永定路乙1号乐府家园1号商厦楼,58976140,8:00-21:00
京客隆花乡店,丰台区花乡银地家园3号楼,83729197,8:30-21:00
京客隆万年花城店,丰台区万芳园一区19号-21号一层底商,63621331,8:00-21:00
京客隆宋家庄店,丰台区宋家庄路71号院1号楼3号楼负一层...,87653073,8:00-21:00
京客隆青塔店,丰台区兆丰园三区1号楼,58313106,8:00-21:00
京客隆方庄店,北京市丰台区方庄南路二号 四方景园G2...,57539510,8:00-21:00
京客隆古城南路店,石景山区八角南路1号,68875609,8:00-21:00
京客隆金顶街店,石景山区金顶西街24号,88734587,8:00-21:00
京客隆天竺店,北京市顺义区天竺花园天韵阁一层,64567146,8:00-21:00
京客隆府前东街店,顺义区金汉绿港家园一区9号楼,89402708,8:00-21:00
京客隆西关环岛店,昌平区西关路琥珀郡(昌平西关环岛东50...,60714172,8:00-21:00
京客隆黑山店,门头沟区黑山大街31号,69865364,8:00-20:30
京客隆新桥店,门头沟新桥大街79-80号,69861840,8:00-21:00
京客隆西红门店,大兴区西红门路6号,67991654,8:30-21:30
京客隆亦庄店,大兴区亦庄贵园南里路西,67887367,8:00-21:00
京客隆乔庄店,通州区运乔嘉园34号楼,81582649,8:00-21:00
京客隆通州东关店,通州区新华东街32号,69514469,8:00-21:00
京客隆九棵树店,通州区九棵树东路29号,81518889,8:00-21:00
京客隆北关店,通州万福家园15号楼,69520961,8:00-21:00
京客隆玉带河店,通州区玉带河店东街350号,69531171,8:00-21:00
京客隆龙旺庄店,通州区永顺镇龙旺庄,89512538,8:00-21:00
京客隆玉桥店,北京市通州区玉桥中路43号,81547246,8:00-21:00
京客隆密云店,北京市密云县新南路21号,69082597,8:00-21:00
京客隆怀柔店,怀柔区怀柔镇下元市场南侧,69689149,8:00-21:00
